no,room,date,count_1s,Value
1,1,18/06/2023 00:00,0,39
2,1,18/06/2023 01:00,0,39
3,1,18/06/2023 02:00,0,39
4,1,18/06/2023 03:00,0,39
5,1,18/06/2023 04:00,0,39
6,1,18/06/2023 05:00,0,39
7,1,18/06/2023 06:00,0,39
8,1,18/06/2023 07:00,0,39
9,1,18/06/2023 08:00,0,39
10,1,18/06/2023 09:00,0,39
11,1,18/06/2023 10:00,0,39
12,1,18/06/2023 11:00,0,39
13,1,18/06/2023 12:00,0,39
14,1,18/06/2023 13:00,0,39
15,1,18/06/2023 14:00,0,39
16,1,18/06/2023 15:00,0,39
17,1,18/06/2023 16:00,0,39
18,1,18/06/2023 17:00,0,39
19,1,18/06/2023 18:00,0,39
20,1,18/06/2023 19:00,0,39
21,1,18/06/2023 20:00,0,39
22,1,18/06/2023 21:00,0,39
23,1,18/06/2023 22:00,0,39
24,1,18/06/2023 23:00,0,39
25,1,19/06/2023 00:00,0,39
26,1,19/06/2023 01:00,0,39
27,1,19/06/2023 02:00,0,39
28,1,19/06/2023 03:00,0,39
29,1,19/06/2023 04:00,0,39
30,1,19/06/2023 05:00,0,39
31,1,19/06/2023 06:00,0,39
32,1,19/06/2023 07:00,0,39
33,1,19/06/2023 08:00,0,39
34,1,19/06/2023 09:00,0,39
35,1,19/06/2023 10:00,0,39
36,1,19/06/2023 11:00,0,39
37,1,19/06/2023 12:00,0,39
38,1,19/06/2023 13:00,0,39
39,1,19/06/2023 14:00,0,39
40,1,19/06/2023 15:00,0,39
41,1,19/06/2023 16:00,0,39
42,1,19/06/2023 17:00,0,92
43,1,19/06/2023 18:00,0,65
44,1,19/06/2023 19:00,0,100
45,1,19/06/2023 20:00,0,39
46,1,19/06/2023 21:00,0,39
47,1,19/06/2023 22:00,0,39
48,1,19/06/2023 23:00,0,39
49,1,20/06/2023 00:00,0,39
50,1,20/06/2023 01:00,0,39
51,1,20/06/2023 02:00,0,39
52,1,20/06/2023 03:00,0,39
53,1,20/06/2023 04:00,0,39
54,1,20/06/2023 05:00,0,39
55,1,20/06/2023 06:00,0,39
56,1,20/06/2023 07:00,0,39
57,1,20/06/2023 08:00,0,39
58,1,20/06/2023 09:00,0,39
59,1,20/06/2023 10:00,0,39
60,1,20/06/2023 11:00,0,39
61,1,20/06/2023 12:00,0,100
62,1,20/06/2023 13:00,0,39
63,1,20/06/2023 14:00,0,39
64,1,20/06/2023 15:00,0,39
65,1,20/06/2023 16:00,0,39
66,1,20/06/2023 17:00,0,100
67,1,20/06/2023 18:00,0,39
68,1,20/06/2023 19:00,0,100
69,1,20/06/2023 20:00,0,39
70,1,20/06/2023 21:00,0,39
71,1,20/06/2023 22:00,0,39
72,1,20/06/2023 23:00,0,39
73,1,21/06/2023 00:00,0,39
74,1,21/06/2023 01:00,0,39
75,1,21/06/2023 02:00,0,39
76,1,21/06/2023 03:00,0,39
77,1,21/06/2023 04:00,0,39
78,1,21/06/2023 05:00,0,39
79,1,21/06/2023 06:00,0,39
80,1,21/06/2023 07:00,0,39
81,1,21/06/2023 08:00,0,39
82,1,21/06/2023 09:00,0,86
83,1,21/06/2023 10:00,0,39
84,1,21/06/2023 11:00,0,39
85,1,21/06/2023 12:00,0,91
86,1,21/06/2023 13:00,0,100
87,1,21/06/2023 14:00,0,39
88,1,21/06/2023 15:00,0,39
89,1,21/06/2023 16:00,0,39
90,1,21/06/2023 17:00,0,39
91,1,21/06/2023 18:00,0,39
92,1,21/06/2023 19:00,0,39
93,1,21/06/2023 20:00,0,39
94,1,21/06/2023 21:00,0,39
95,1,21/06/2023 22:00,0,39
96,1,21/06/2023 23:00,0,39
97,1,22/06/2023 00:00,0,39
98,1,22/06/2023 01:00,0,39
99,1,22/06/2023 02:00,0,39
100,1,22/06/2023 03:00,0,39
101,1,22/06/2023 04:00,0,39
102,1,22/06/2023 05:00,0,39
103,1,22/06/2023 06:00,0,39
104,1,22/06/2023 07:00,0,39
105,1,22/06/2023 08:00,0,89
106,1,22/06/2023 09:00,0,39
107,1,22/06/2023 10:00,0,39
108,1,22/06/2023 11:00,0,86
109,1,22/06/2023 12:00,0,39
110,1,22/06/2023 13:00,0,39
111,1,22/06/2023 14:00,0,100
112,1,22/06/2023 15:00,0,39
113,1,22/06/2023 16:00,0,83
114,1,22/06/2023 17:00,0,100
115,1,22/06/2023 18:00,0,81
116,1,22/06/2023 19:00,0,39
117,1,22/06/2023 20:00,0,100
118,1,22/06/2023 21:00,0,39
119,1,22/06/2023 22:00,0,39
120,1,22/06/2023 23:00,0,39
121,1,23/06/2023 00:00,0,39
122,1,23/06/2023 01:00,0,39
123,1,23/06/2023 02:00,0,39
124,1,23/06/2023 03:00,0,39
125,1,23/06/2023 04:00,0,39
126,1,23/06/2023 05:00,0,39
127,1,23/06/2023 06:00,0,39
128,1,23/06/2023 07:00,0,39
129,1,23/06/2023 08:00,0,39
130,1,23/06/2023 09:00,0,39
131,1,23/06/2023 10:00,0,39
132,1,23/06/2023 11:00,0,97
133,1,23/06/2023 12:00,0,39
134,1,23/06/2023 13:00,0,39
135,1,23/06/2023 14:00,0,91
136,1,23/06/2023 15:00,0,39
137,1,23/06/2023 16:00,0,87
138,1,23/06/2023 17:00,0,39
139,1,23/06/2023 18:00,0,39
140,1,23/06/2023 19:00,0,71
141,1,23/06/2023 20:00,0,39
142,1,23/06/2023 21:00,0,39
143,1,23/06/2023 22:00,0,39
144,1,23/06/2023 23:00,0,39
145,1,24/06/2023 00:00,0,39
146,1,24/06/2023 01:00,0,39
147,1,24/06/2023 02:00,0,39
148,1,24/06/2023 03:00,0,39
149,1,24/06/2023 04:00,0,39
150,1,24/06/2023 05:00,0,39
151,1,24/06/2023 06:00,0,39
152,1,24/06/2023 07:00,0,39
153,1,24/06/2023 08:00,0,39
154,1,24/06/2023 09:00,0,39
155,1,24/06/2023 10:00,0,39
156,1,24/06/2023 11:00,0,39
157,1,24/06/2023 12:00,0,39
158,1,24/06/2023 13:00,0,39
159,1,24/06/2023 14:00,0,39
160,1,24/06/2023 15:00,0,39
161,1,24/06/2023 16:00,0,39
162,1,24/06/2023 17:00,0,39
163,1,24/06/2023 18:00,0,39
164,1,24/06/2023 19:00,0,39
165,1,24/06/2023 20:00,0,39
166,1,24/06/2023 21:00,0,39
167,1,24/06/2023 22:00,0,39
168,1,24/06/2023 23:00,0,39
169,1,25/06/2023 00:00,0,39
170,1,25/06/2023 01:00,0,39
171,1,25/06/2023 02:00,0,39
172,1,25/06/2023 03:00,0,39
173,1,25/06/2023 04:00,0,39
174,1,25/06/2023 05:00,0,39
175,1,25/06/2023 06:00,0,39
176,1,25/06/2023 07:00,0,39
177,1,25/06/2023 08:00,0,39
178,1,25/06/2023 09:00,0,39
179,1,25/06/2023 10:00,0,39
180,1,25/06/2023 11:00,0,39
181,1,25/06/2023 12:00,0,39
182,1,25/06/2023 13:00,0,39
183,1,25/06/2023 14:00,0,39
184,1,25/06/2023 15:00,0,39
185,1,25/06/2023 16:00,0,39
186,1,25/06/2023 17:00,0,39
187,1,25/06/2023 18:00,0,39
188,1,25/06/2023 19:00,0,39
189,1,25/06/2023 20:00,0,39
190,1,25/06/2023 21:00,0,39
191,1,25/06/2023 22:00,0,39
192,1,25/06/2023 23:00,0,39
193,1,26/06/2023 00:00,0,39
194,1,26/06/2023 01:00,0,39
195,1,26/06/2023 02:00,0,39
196,1,26/06/2023 03:00,0,39
197,1,26/06/2023 04:00,0,39
198,1,26/06/2023 05:00,0,39
199,1,26/06/2023 06:00,0,39
200,1,26/06/2023 07:00,0,39
201,1,26/06/2023 08:00,0,39
202,1,26/06/2023 09:00,0,39
203,1,26/06/2023 10:00,0,39
204,1,26/06/2023 11:00,0,39
205,1,26/06/2023 12:00,0,39
206,1,26/06/2023 13:00,0,39
207,1,26/06/2023 14:00,0,85
208,1,26/06/2023 15:00,0,87
209,1,26/06/2023 16:00,0,84
210,1,26/06/2023 17:00,0,45
211,1,26/06/2023 18:00,0,98
212,1,26/06/2023 19:00,0,39
213,1,26/06/2023 20:00,0,39
214,1,26/06/2023 21:00,0,39
215,1,26/06/2023 22:00,0,39
216,1,26/06/2023 23:00,0,39
217,1,27/06/2023 00:00,0,39
218,1,27/06/2023 01:00,0,39
219,1,27/06/2023 02:00,0,39
220,1,27/06/2023 03:00,0,39
221,1,27/06/2023 04:00,0,39
222,1,27/06/2023 05:00,0,39
223,1,27/06/2023 06:00,0,39
224,1,27/06/2023 07:00,0,39
225,1,27/06/2023 08:00,0,39
226,1,27/06/2023 09:00,0,39
227,1,27/06/2023 10:00,0,39
228,1,27/06/2023 11:00,0,39
229,1,27/06/2023 12:00,0,39
230,1,27/06/2023 13:00,0,39
231,1,27/06/2023 14:00,0,69
232,1,27/06/2023 15:00,0,39
233,1,27/06/2023 16:00,0,39
234,1,27/06/2023 17:00,0,39
235,1,27/06/2023 18:00,0,39
236,1,27/06/2023 19:00,0,39
237,1,27/06/2023 20:00,0,39
238,1,27/06/2023 21:00,0,39
239,1,27/06/2023 22:00,0,39
240,1,27/06/2023 23:00,0,39
241,1,28/06/2023 00:00,0,39
242,1,28/06/2023 01:00,0,39
243,1,28/06/2023 02:00,0,39
244,1,28/06/2023 03:00,0,39
245,1,28/06/2023 04:00,0,39
246,1,28/06/2023 05:00,0,39
247,1,28/06/2023 06:00,0,39
248,1,28/06/2023 07:00,0,39
249,1,28/06/2023 08:00,0,39
250,1,28/06/2023 09:00,0,39
251,1,28/06/2023 10:00,0,39
252,1,28/06/2023 11:00,0,39
253,1,28/06/2023 12:00,0,39
254,1,28/06/2023 13:00,0,39
255,1,28/06/2023 14:00,0,39
256,1,28/06/2023 15:00,0,39
257,1,28/06/2023 16:00,0,100
258,1,28/06/2023 17:00,0,39
259,1,28/06/2023 18:00,0,39
260,1,28/06/2023 19:00,0,39
261,1,28/06/2023 20:00,0,39
262,1,28/06/2023 21:00,0,39
263,1,28/06/2023 22:00,0,39
264,1,28/06/2023 23:00,0,39
265,1,29/06/2023 00:00,0,39
266,1,29/06/2023 01:00,0,39
267,1,29/06/2023 02:00,0,39
268,1,29/06/2023 03:00,0,39
269,1,29/06/2023 04:00,0,39
270,1,29/06/2023 05:00,0,39
271,1,29/06/2023 06:00,0,39
272,1,29/06/2023 07:00,0,39
273,1,29/06/2023 08:00,0,39
274,1,29/06/2023 09:00,0,39
275,1,29/06/2023 10:00,0,39
276,1,29/06/2023 11:00,0,39
277,1,29/06/2023 12:00,0,39
278,1,29/06/2023 13:00,0,39
279,1,29/06/2023 14:00,0,39
280,1,29/06/2023 15:00,0,39
281,1,29/06/2023 16:00,0,39
282,1,29/06/2023 17:00,0,39
283,1,29/06/2023 18:00,0,39
284,1,29/06/2023 19:00,0,39
285,1,29/06/2023 20:00,0,39
286,1,29/06/2023 21:00,0,39
287,1,29/06/2023 22:00,0,39
288,1,29/06/2023 23:00,0,39
289,1,30/06/2023 00:00,0,39
290,1,30/06/2023 01:00,0,39
291,1,30/06/2023 02:00,0,39
292,1,30/06/2023 03:00,0,39
293,1,30/06/2023 04:00,0,39
294,1,30/06/2023 05:00,0,39
295,1,30/06/2023 06:00,0,39
296,1,30/06/2023 07:00,0,39
297,1,30/06/2023 08:00,0,39
298,1,30/06/2023 09:00,0,39
299,1,30/06/2023 10:00,0,39
300,1,30/06/2023 11:00,0,39
301,1,30/06/2023 12:00,0,39
302,1,30/06/2023 13:00,0,39
303,1,30/06/2023 14:00,0,92
304,1,30/06/2023 15:00,0,39
305,1,30/06/2023 16:00,0,39
306,1,30/06/2023 17:00,0,39
307,1,30/06/2023 18:00,0,39
308,1,30/06/2023 19:00,0,39
309,1,30/06/2023 20:00,0,39
310,1,30/06/2023 21:00,0,39
311,1,30/06/2023 22:00,0,39
312,1,30/06/2023 23:00,0,39
313,1,01/07/2023 00:00,0,39
314,1,01/07/2023 01:00,0,39
315,1,01/07/2023 02:00,0,39
316,1,01/07/2023 03:00,0,39
317,1,01/07/2023 04:00,0,39
318,1,01/07/2023 05:00,0,39
319,1,01/07/2023 06:00,0,39
320,1,01/07/2023 07:00,0,39
321,1,01/07/2023 08:00,0,39
322,1,01/07/2023 09:00,0,39
323,1,01/07/2023 10:00,0,39
324,1,01/07/2023 11:00,0,39
325,1,01/07/2023 12:00,0,39
326,1,01/07/2023 13:00,0,39
327,1,01/07/2023 14:00,0,39
328,1,01/07/2023 15:00,0,39
329,1,01/07/2023 16:00,0,39
330,1,01/07/2023 17:00,0,39
331,1,01/07/2023 18:00,0,39
332,1,01/07/2023 19:00,0,39
333,1,01/07/2023 20:00,0,39
334,1,01/07/2023 21:00,0,39
335,1,01/07/2023 22:00,0,39
336,1,01/07/2023 23:00,0,39
337,1,02/07/2023 00:00,0,39
338,1,02/07/2023 01:00,0,39
339,1,02/07/2023 02:00,0,39
340,1,02/07/2023 03:00,0,39
341,1,02/07/2023 04:00,0,39
342,1,02/07/2023 05:00,0,39
343,1,02/07/2023 06:00,0,39
344,1,02/07/2023 07:00,0,39
345,1,02/07/2023 08:00,0,39
346,1,02/07/2023 09:00,0,39
347,1,02/07/2023 10:00,0,39
348,1,02/07/2023 11:00,0,39
349,1,02/07/2023 12:00,0,39
350,1,02/07/2023 13:00,0,39
351,1,02/07/2023 14:00,0,39
352,1,02/07/2023 15:00,0,39
353,1,02/07/2023 16:00,0,39
354,1,02/07/2023 17:00,0,39
355,1,02/07/2023 18:00,0,39
356,1,02/07/2023 19:00,0,39
357,1,02/07/2023 20:00,0,39
358,1,02/07/2023 21:00,0,39
359,1,02/07/2023 22:00,0,39
360,1,02/07/2023 23:00,0,39
361,1,03/07/2023 00:00,0,39
362,1,03/07/2023 01:00,0,39
363,1,03/07/2023 02:00,0,39
364,1,03/07/2023 03:00,0,39
365,1,03/07/2023 04:00,0,39
366,1,03/07/2023 05:00,0,39
367,1,03/07/2023 06:00,0,39
368,1,03/07/2023 07:00,0,39
369,1,03/07/2023 08:00,0,39
370,1,03/07/2023 09:00,0,39
371,1,03/07/2023 10:00,0,39
372,1,03/07/2023 11:00,0,39
373,1,03/07/2023 12:00,0,39
374,1,03/07/2023 13:00,0,39
375,1,03/07/2023 14:00,0,39
376,1,03/07/2023 15:00,0,39
377,1,03/07/2023 16:00,0,39
378,1,03/07/2023 17:00,0,39
379,1,03/07/2023 18:00,0,39
380,1,03/07/2023 19:00,0,99
381,1,03/07/2023 20:00,0,39
382,1,03/07/2023 21:00,0,39
383,1,03/07/2023 22:00,0,39
384,1,03/07/2023 23:00,0,39
385,1,04/07/2023 00:00,0,39
386,1,04/07/2023 01:00,0,39
387,1,04/07/2023 02:00,0,39
388,1,04/07/2023 03:00,0,39
389,1,04/07/2023 04:00,0,39
390,1,04/07/2023 05:00,0,39
391,1,04/07/2023 06:00,0,39
392,1,04/07/2023 07:00,0,39
393,1,04/07/2023 08:00,0,39
394,1,04/07/2023 09:00,0,39
395,1,04/07/2023 10:00,0,39
396,1,04/07/2023 11:00,0,39
397,1,04/07/2023 12:00,0,39
398,1,04/07/2023 13:00,0,39
399,1,04/07/2023 14:00,0,39
400,1,04/07/2023 15:00,0,39
401,1,04/07/2023 16:00,0,39
402,1,04/07/2023 17:00,0,39
403,1,04/07/2023 18:00,0,39
404,1,04/07/2023 19:00,0,39
405,1,04/07/2023 20:00,0,39
406,1,04/07/2023 21:00,0,39
407,1,04/07/2023 22:00,0,39
408,1,04/07/2023 23:00,0,39
409,1,05/07/2023 00:00,0,39
410,1,05/07/2023 01:00,0,39
411,1,05/07/2023 02:00,0,39
412,1,05/07/2023 03:00,0,39
413,1,05/07/2023 04:00,0,39
414,1,05/07/2023 05:00,0,39
415,1,05/07/2023 06:00,0,39
416,1,05/07/2023 07:00,0,39
417,1,05/07/2023 08:00,0,39
418,1,05/07/2023 09:00,0,39
419,1,05/07/2023 10:00,0,39
420,1,05/07/2023 11:00,0,39
421,1,05/07/2023 12:00,0,39
422,1,05/07/2023 13:00,0,39
423,1,05/07/2023 14:00,0,39
424,1,05/07/2023 15:00,0,39
425,1,05/07/2023 16:00,0,39
426,1,05/07/2023 17:00,0,39
427,1,05/07/2023 18:00,0,39
428,1,05/07/2023 19:00,0,39
429,1,05/07/2023 20:00,0,39
430,1,05/07/2023 21:00,0,39
431,1,05/07/2023 22:00,0,39
432,1,05/07/2023 23:00,0,39
433,1,06/07/2023 00:00,0,39
434,1,06/07/2023 01:00,0,39
435,1,06/07/2023 02:00,0,39
436,1,06/07/2023 03:00,0,39
437,1,06/07/2023 04:00,0,39
438,1,06/07/2023 05:00,0,39
439,1,06/07/2023 06:00,0,39
440,1,06/07/2023 07:00,0,39
441,1,06/07/2023 08:00,0,39
442,1,06/07/2023 09:00,0,39
443,1,06/07/2023 10:00,0,39
444,1,06/07/2023 11:00,0,39
445,1,06/07/2023 12:00,0,39
446,1,06/07/2023 13:00,0,39
447,1,06/07/2023 14:00,0,39
448,1,06/07/2023 15:00,0,39
449,1,06/07/2023 16:00,0,39
450,1,06/07/2023 17:00,0,39
451,1,06/07/2023 18:00,0,39
452,1,06/07/2023 19:00,0,39
453,1,06/07/2023 20:00,0,39
454,1,06/07/2023 21:00,0,39
455,1,06/07/2023 22:00,0,39
456,1,06/07/2023 23:00,0,39
457,1,07/07/2023 00:00,0,39
458,1,07/07/2023 01:00,0,39
459,1,07/07/2023 02:00,0,39
460,1,07/07/2023 03:00,0,39
461,1,07/07/2023 04:00,0,39
462,1,07/07/2023 05:00,0,39
463,1,07/07/2023 06:00,0,39
464,1,07/07/2023 07:00,0,39
465,1,07/07/2023 08:00,0,39
466,1,07/07/2023 09:00,0,39
467,1,07/07/2023 10:00,0,39
468,1,07/07/2023 11:00,0,39
469,1,07/07/2023 12:00,0,39
470,1,07/07/2023 13:00,0,39
471,1,07/07/2023 14:00,0,39
472,1,07/07/2023 15:00,0,39
473,1,07/07/2023 16:00,0,39
474,1,07/07/2023 17:00,0,100
475,1,07/07/2023 18:00,0,39
476,1,07/07/2023 19:00,0,39
477,1,07/07/2023 20:00,0,39
478,1,07/07/2023 21:00,0,39
479,1,07/07/2023 22:00,0,39
480,1,07/07/2023 23:00,0,39
481,1,08/07/2023 00:00,0,39
482,1,08/07/2023 01:00,0,39
483,1,08/07/2023 02:00,0,39
484,1,08/07/2023 03:00,0,39
485,1,08/07/2023 04:00,0,39
486,1,08/07/2023 05:00,0,39
487,1,08/07/2023 06:00,0,39
488,1,08/07/2023 07:00,0,39
489,1,08/07/2023 08:00,0,39
490,1,08/07/2023 09:00,0,39
491,1,08/07/2023 10:00,0,39
492,1,08/07/2023 11:00,0,39
493,1,08/07/2023 12:00,0,39
494,1,08/07/2023 13:00,0,39
495,1,08/07/2023 14:00,0,39
496,1,08/07/2023 15:00,0,39
497,1,08/07/2023 16:00,0,39
498,1,08/07/2023 17:00,0,39
499,1,08/07/2023 18:00,0,39
500,1,08/07/2023 19:00,0,39
501,1,08/07/2023 20:00,0,39
502,1,08/07/2023 21:00,0,39
503,1,08/07/2023 22:00,0,39
504,1,08/07/2023 23:00,0,39
505,1,09/07/2023 00:00,0,39
506,1,09/07/2023 01:00,0,39
507,1,09/07/2023 02:00,0,39
508,1,09/07/2023 03:00,0,39
509,1,09/07/2023 04:00,0,39
510,1,09/07/2023 05:00,0,39
511,1,09/07/2023 06:00,0,39
512,1,09/07/2023 07:00,0,39
513,1,09/07/2023 08:00,0,39
514,1,09/07/2023 09:00,0,39
515,1,09/07/2023 10:00,0,39
516,1,09/07/2023 11:00,0,39
517,1,09/07/2023 12:00,0,39
518,1,09/07/2023 13:00,0,39
519,1,09/07/2023 14:00,0,39
520,1,09/07/2023 15:00,0,39
521,1,09/07/2023 16:00,0,39
522,1,09/07/2023 17:00,0,39
523,1,09/07/2023 18:00,0,39
524,1,09/07/2023 19:00,0,39
525,1,09/07/2023 20:00,0,39
526,1,09/07/2023 21:00,0,39
527,1,09/07/2023 22:00,0,39
528,1,09/07/2023 23:00,0,39
529,2,18/06/2023 00:00,0,47
530,2,18/06/2023 01:00,0,46
531,2,18/06/2023 02:00,0,46
532,2,18/06/2023 03:00,0,84
533,2,18/06/2023 04:00,0,66
534,2,18/06/2023 05:00,0,48
535,2,18/06/2023 06:00,0,46
536,2,18/06/2023 07:00,0,50
537,2,18/06/2023 08:00,0,50
538,2,18/06/2023 09:00,0,50
539,2,18/06/2023 10:00,0,47
540,2,18/06/2023 11:00,0,51
541,2,18/06/2023 12:00,0,51
542,2,18/06/2023 13:00,0,51
543,2,18/06/2023 14:00,0,50
544,2,18/06/2023 15:00,0,50
545,2,18/06/2023 16:00,0,49
546,2,18/06/2023 17:00,0,48
547,2,18/06/2023 18:00,0,48
548,2,18/06/2023 19:00,0,48
549,2,18/06/2023 20:00,0,46
550,2,18/06/2023 21:00,0,46
551,2,18/06/2023 22:00,0,48
552,2,18/06/2023 23:00,0,46
553,2,19/06/2023 00:00,0,46
554,2,19/06/2023 01:00,0,45
555,2,19/06/2023 02:00,0,46
556,2,19/06/2023 03:00,0,45
557,2,19/06/2023 04:00,0,48
558,2,19/06/2023 05:00,0,48
559,2,19/06/2023 06:00,0,47
560,2,19/06/2023 07:00,0,50
561,2,19/06/2023 08:00,0,50
562,2,19/06/2023 09:00,0,50
563,2,19/06/2023 10:00,0,48
564,2,19/06/2023 11:00,0,50
565,2,19/06/2023 12:00,0,51
566,2,19/06/2023 13:00,0,53
567,2,19/06/2023 14:00,0,50
568,2,19/06/2023 15:00,0,54
569,2,19/06/2023 16:00,0,54
570,2,19/06/2023 17:00,0,51
571,2,19/06/2023 18:00,0,50
572,2,19/06/2023 19:00,0,51
573,2,19/06/2023 20:00,0,46
574,2,19/06/2023 21:00,0,51
575,2,19/06/2023 22:00,0,49
576,2,19/06/2023 23:00,0,47
577,2,20/06/2023 00:00,0,67
578,2,20/06/2023 01:00,0,47
579,2,20/06/2023 02:00,0,82
580,2,20/06/2023 03:00,0,46
581,2,20/06/2023 04:00,0,48
582,2,20/06/2023 05:00,0,48
583,2,20/06/2023 06:00,0,48
584,2,20/06/2023 07:00,0,47
585,2,20/06/2023 08:00,0,47
586,2,20/06/2023 09:00,0,53
587,2,20/06/2023 10:00,0,47
588,2,20/06/2023 11:00,0,48
589,2,20/06/2023 12:00,0,49
590,2,20/06/2023 13:00,0,44
591,2,20/06/2023 14:00,0,50
592,2,20/06/2023 15:00,0,52
593,2,20/06/2023 16:00,0,50
594,2,20/06/2023 17:00,0,50
595,2,20/06/2023 18:00,0,51
596,2,20/06/2023 19:00,0,49
597,2,20/06/2023 20:00,0,49
598,2,20/06/2023 21:00,0,48
599,2,20/06/2023 22:00,0,50
600,2,20/06/2023 23:00,0,46
601,2,21/06/2023 00:00,0,48
602,2,21/06/2023 01:00,0,48
603,2,21/06/2023 02:00,0,46
604,2,21/06/2023 03:00,0,45
605,2,21/06/2023 04:00,0,46
606,2,21/06/2023 05:00,0,59
607,2,21/06/2023 06:00,0,48
608,2,21/06/2023 07:00,0,49
609,2,21/06/2023 08:00,0,51
610,2,21/06/2023 09:00,0,52
611,2,21/06/2023 10:00,0,56
612,2,21/06/2023 11:00,0,52
613,2,21/06/2023 12:00,0,54
614,2,21/06/2023 13:00,0,52
615,2,21/06/2023 14:00,0,51
616,2,21/06/2023 15:00,0,53
617,2,21/06/2023 16:00,0,51
618,2,21/06/2023 17:00,0,50
619,2,21/06/2023 18:00,0,51
620,2,21/06/2023 19:00,0,50
621,2,21/06/2023 20:00,0,50
622,2,21/06/2023 21:00,0,64
623,2,21/06/2023 22:00,0,45
624,2,21/06/2023 23:00,0,53
625,2,22/06/2023 00:00,0,51
626,2,22/06/2023 01:00,0,46
627,2,22/06/2023 02:00,0,49
628,2,22/06/2023 03:00,0,50
629,2,22/06/2023 04:00,0,49
630,2,22/06/2023 05:00,0,49
631,2,22/06/2023 06:00,0,51
632,2,22/06/2023 07:00,0,51
633,2,22/06/2023 08:00,0,50
634,2,22/06/2023 09:00,0,51
635,2,22/06/2023 10:00,0,52
636,2,22/06/2023 11:00,0,50
637,2,22/06/2023 12:00,0,48
638,2,22/06/2023 13:00,0,51
639,2,22/06/2023 14:00,0,49
640,2,22/06/2023 15:00,0,46
641,2,22/06/2023 16:00,0,52
642,2,22/06/2023 17:00,0,52
643,2,22/06/2023 18:00,0,54
644,2,22/06/2023 19:00,0,53
645,2,22/06/2023 20:00,0,50
646,2,22/06/2023 21:00,0,50
647,2,22/06/2023 22:00,0,50
648,2,22/06/2023 23:00,0,50
649,2,23/06/2023 00:00,0,48
650,2,23/06/2023 01:00,0,65
651,2,23/06/2023 02:00,0,50
652,2,23/06/2023 03:00,0,50
653,2,23/06/2023 04:00,0,51
654,2,23/06/2023 05:00,0,51
655,2,23/06/2023 06:00,0,53
656,2,23/06/2023 07:00,0,47
657,2,23/06/2023 08:00,0,52
658,2,23/06/2023 09:00,0,50
659,2,23/06/2023 10:00,0,52
660,2,23/06/2023 11:00,0,51
661,2,23/06/2023 12:00,0,51
662,2,23/06/2023 13:00,0,51
663,2,23/06/2023 14:00,0,53
664,2,23/06/2023 15:00,0,49
665,2,23/06/2023 16:00,0,50
666,2,23/06/2023 17:00,0,52
667,2,23/06/2023 18:00,0,51
668,2,23/06/2023 19:00,0,52
669,2,23/06/2023 20:00,0,48
670,2,23/06/2023 21:00,0,51
671,2,23/06/2023 22:00,0,50
672,2,23/06/2023 23:00,0,49
673,2,24/06/2023 00:00,0,63
674,2,24/06/2023 01:00,0,52
675,2,24/06/2023 02:00,0,52
676,2,24/06/2023 03:00,0,51
677,2,24/06/2023 04:00,0,52
678,2,24/06/2023 05:00,0,49
679,2,24/06/2023 06:00,0,51
680,2,24/06/2023 07:00,0,50
681,2,24/06/2023 08:00,0,50
682,2,24/06/2023 09:00,0,51
683,2,24/06/2023 10:00,0,50
684,2,24/06/2023 11:00,0,51
685,2,24/06/2023 12:00,0,50
686,2,24/06/2023 13:00,0,49
687,2,24/06/2023 14:00,0,50
688,2,24/06/2023 15:00,0,50
689,2,24/06/2023 16:00,0,49
690,2,24/06/2023 17:00,0,44
691,2,24/06/2023 18:00,0,49
692,2,24/06/2023 19:00,0,48
693,2,24/06/2023 20:00,0,50
694,2,24/06/2023 21:00,0,48
695,2,24/06/2023 22:00,0,49
696,2,24/06/2023 23:00,0,46
697,2,25/06/2023 00:00,0,50
698,2,25/06/2023 01:00,0,50
699,2,25/06/2023 02:00,0,52
700,2,25/06/2023 03:00,0,70
701,2,25/06/2023 04:00,0,49
702,2,25/06/2023 05:00,0,50
703,2,25/06/2023 06:00,0,48
704,2,25/06/2023 07:00,0,51
705,2,25/06/2023 08:00,0,50
706,2,25/06/2023 09:00,0,48
707,2,25/06/2023 10:00,0,52
708,2,25/06/2023 11:00,0,51
709,2,25/06/2023 12:00,0,50
710,2,25/06/2023 13:00,0,50
711,2,25/06/2023 14:00,0,50
712,2,25/06/2023 15:00,0,51
713,2,25/06/2023 16:00,0,49
714,2,25/06/2023 17:00,0,51
715,2,25/06/2023 18:00,0,50
716,2,25/06/2023 19:00,0,51
717,2,25/06/2023 20:00,0,50
718,2,25/06/2023 21:00,0,48
719,2,25/06/2023 22:00,0,48
720,2,25/06/2023 23:00,0,48
721,2,26/06/2023 00:00,0,46
722,2,26/06/2023 01:00,0,48
723,2,26/06/2023 02:00,0,59
724,2,26/06/2023 03:00,0,46
725,2,26/06/2023 04:00,0,46
726,2,26/06/2023 05:00,0,45
727,2,26/06/2023 06:00,0,48
728,2,26/06/2023 07:00,0,50
729,2,26/06/2023 08:00,0,50
730,2,26/06/2023 09:00,0,48
731,2,26/06/2023 10:00,0,50
732,2,26/06/2023 11:00,0,50
733,2,26/06/2023 12:00,0,51
734,2,26/06/2023 13:00,0,53
735,2,26/06/2023 14:00,0,51
736,2,26/06/2023 15:00,0,51
737,2,26/06/2023 16:00,0,50
738,2,26/06/2023 17:00,0,53
739,2,26/06/2023 18:00,0,50
740,2,26/06/2023 19:00,0,46
741,2,26/06/2023 20:00,0,48
742,2,26/06/2023 21:00,0,46
743,2,26/06/2023 22:00,0,49
744,2,26/06/2023 23:00,0,48
745,2,27/06/2023 00:00,0,46
746,2,27/06/2023 01:00,0,46
747,2,27/06/2023 02:00,0,46
748,2,27/06/2023 03:00,0,48
749,2,27/06/2023 04:00,0,47
750,2,27/06/2023 05:00,0,47
751,2,27/06/2023 06:00,0,46
752,2,27/06/2023 07:00,0,49
753,2,27/06/2023 08:00,0,48
754,2,27/06/2023 09:00,0,50
755,2,27/06/2023 10:00,0,50
756,2,27/06/2023 11:00,0,47
757,2,27/06/2023 12:00,0,49
758,2,27/06/2023 13:00,0,48
759,2,27/06/2023 14:00,0,49
760,2,27/06/2023 15:00,0,50
761,2,27/06/2023 16:00,0,50
762,2,27/06/2023 17:00,0,48
763,2,27/06/2023 18:00,0,48
764,2,27/06/2023 19:00,0,48
765,2,27/06/2023 20:00,0,48
766,2,27/06/2023 21:00,0,64
767,2,27/06/2023 22:00,0,48
768,2,27/06/2023 23:00,0,47
769,2,28/06/2023 00:00,0,46
770,2,28/06/2023 01:00,0,46
771,2,28/06/2023 02:00,0,47
772,2,28/06/2023 03:00,0,48
773,2,28/06/2023 04:00,0,39
774,2,28/06/2023 05:00,0,48
775,2,28/06/2023 06:00,0,48
776,2,28/06/2023 07:00,0,50
777,2,28/06/2023 08:00,0,50
778,2,28/06/2023 09:00,0,49
779,2,28/06/2023 10:00,0,52
780,2,28/06/2023 11:00,0,50
781,2,28/06/2023 12:00,0,52
782,2,28/06/2023 13:00,0,49
783,2,28/06/2023 14:00,0,49
784,2,28/06/2023 15:00,0,49
785,2,28/06/2023 16:00,0,50
786,2,28/06/2023 17:00,0,51
787,2,28/06/2023 18:00,0,51
788,2,28/06/2023 19:00,0,48
789,2,28/06/2023 20:00,0,49
790,2,28/06/2023 21:00,0,47
791,2,28/06/2023 22:00,0,49
792,2,28/06/2023 23:00,0,49
793,2,29/06/2023 00:00,0,49
794,2,29/06/2023 01:00,0,47
795,2,29/06/2023 02:00,0,46
796,2,29/06/2023 03:00,0,50
797,2,29/06/2023 04:00,0,50
798,2,29/06/2023 05:00,0,49
799,2,29/06/2023 06:00,0,50
800,2,29/06/2023 07:00,0,48
801,2,29/06/2023 08:00,0,49
802,2,29/06/2023 09:00,0,48
803,2,29/06/2023 10:00,0,48
804,2,29/06/2023 11:00,0,50
805,2,29/06/2023 12:00,0,50
806,2,29/06/2023 13:00,0,44
807,2,29/06/2023 14:00,0,49
808,2,29/06/2023 15:00,0,50
809,2,29/06/2023 16:00,0,48
810,2,29/06/2023 17:00,0,50
811,2,29/06/2023 18:00,0,49
812,2,29/06/2023 19:00,0,49
813,2,29/06/2023 20:00,0,48
814,2,29/06/2023 21:00,0,49
815,2,29/06/2023 22:00,0,48
816,2,29/06/2023 23:00,0,46
817,2,30/06/2023 00:00,0,47
818,2,30/06/2023 01:00,0,49
819,2,30/06/2023 02:00,0,48
820,2,30/06/2023 03:00,0,46
821,2,30/06/2023 04:00,0,48
822,2,30/06/2023 05:00,0,49
823,2,30/06/2023 06:00,0,44
824,2,30/06/2023 07:00,0,48
825,2,30/06/2023 08:00,0,52
826,2,30/06/2023 09:00,0,50
827,2,30/06/2023 10:00,0,48
828,2,30/06/2023 11:00,0,50
829,2,30/06/2023 12:00,0,49
830,2,30/06/2023 13:00,0,48
831,2,30/06/2023 14:00,0,49
832,2,30/06/2023 15:00,0,49
833,2,30/06/2023 16:00,0,49
834,2,30/06/2023 17:00,0,49
835,2,30/06/2023 18:00,0,49
836,2,30/06/2023 19:00,0,48
837,2,30/06/2023 20:00,0,47
838,2,30/06/2023 21:00,0,47
839,2,30/06/2023 22:00,0,47
840,2,30/06/2023 23:00,0,60
841,2,01/07/2023 00:00,0,46
842,2,01/07/2023 01:00,0,47
843,2,01/07/2023 02:00,0,47
844,2,01/07/2023 03:00,0,50
845,2,01/07/2023 04:00,0,48
846,2,01/07/2023 05:00,0,48
847,2,01/07/2023 06:00,0,50
848,2,01/07/2023 07:00,0,52
849,2,01/07/2023 08:00,0,52
850,2,01/07/2023 09:00,0,51
851,2,01/07/2023 10:00,0,50
852,2,01/07/2023 11:00,0,51
853,2,01/07/2023 12:00,0,49
854,2,01/07/2023 13:00,0,53
855,2,01/07/2023 14:00,0,51
856,2,01/07/2023 15:00,0,50
857,2,01/07/2023 16:00,0,49
858,2,01/07/2023 17:00,0,49
859,2,01/07/2023 18:00,0,49
860,2,01/07/2023 19:00,0,48
861,2,01/07/2023 20:00,0,48
862,2,01/07/2023 21:00,0,49
863,2,01/07/2023 22:00,0,48
864,2,01/07/2023 23:00,0,48
865,2,02/07/2023 00:00,0,49
866,2,02/07/2023 01:00,0,64
867,2,02/07/2023 02:00,0,45
868,2,02/07/2023 03:00,0,48
869,2,02/07/2023 04:00,0,48
870,2,02/07/2023 05:00,0,47
871,2,02/07/2023 06:00,0,48
872,2,02/07/2023 07:00,0,49
873,2,02/07/2023 08:00,0,45
874,2,02/07/2023 09:00,0,50
875,2,02/07/2023 10:00,0,50
876,2,02/07/2023 11:00,0,49
877,2,02/07/2023 12:00,0,49
878,2,02/07/2023 13:00,0,48
879,2,02/07/2023 14:00,0,49
880,2,02/07/2023 15:00,0,48
881,2,02/07/2023 16:00,0,48
882,2,02/07/2023 17:00,0,50
883,2,02/07/2023 18:00,0,48
884,2,02/07/2023 19:00,0,48
885,2,02/07/2023 20:00,0,48
886,2,02/07/2023 21:00,0,47
887,2,02/07/2023 22:00,0,47
888,2,02/07/2023 23:00,0,46
889,2,03/07/2023 00:00,0,47
890,2,03/07/2023 01:00,0,39
891,2,03/07/2023 02:00,0,47
892,2,03/07/2023 03:00,0,47
893,2,03/07/2023 04:00,0,48
894,2,03/07/2023 05:00,0,48
895,2,03/07/2023 06:00,0,48
896,2,03/07/2023 07:00,0,47
897,2,03/07/2023 08:00,0,49
898,2,03/07/2023 09:00,0,47
899,2,03/07/2023 10:00,0,49
900,2,03/07/2023 11:00,0,48
901,2,03/07/2023 12:00,0,49
902,2,03/07/2023 13:00,0,50
903,2,03/07/2023 14:00,0,46
904,2,03/07/2023 15:00,0,67
905,2,03/07/2023 16:00,0,82
906,2,03/07/2023 17:00,0,67
907,2,03/07/2023 18:00,0,44
908,2,03/07/2023 19:00,0,68
909,2,03/07/2023 20:00,0,82
910,2,03/07/2023 21:00,0,39
911,2,03/07/2023 22:00,0,84
912,2,03/07/2023 23:00,0,100
913,2,04/07/2023 00:00,0,39
914,2,04/07/2023 01:00,0,98
915,2,04/07/2023 02:00,0,45
916,2,04/07/2023 03:00,0,39
917,2,04/07/2023 04:00,0,46
918,2,04/07/2023 05:00,0,63
919,2,04/07/2023 06:00,0,64
920,2,04/07/2023 07:00,0,70
921,2,04/07/2023 08:00,0,47
922,2,04/07/2023 09:00,0,47
923,2,04/07/2023 10:00,0,46
924,2,04/07/2023 11:00,0,39
925,2,04/07/2023 12:00,0,66
926,2,04/07/2023 13:00,0,82
927,2,04/07/2023 14:00,0,64
928,2,04/07/2023 15:00,0,47
929,2,04/07/2023 16:00,0,64
930,2,04/07/2023 17:00,0,65
931,2,04/07/2023 18:00,0,63
932,2,04/07/2023 19:00,0,88
933,2,04/07/2023 20:00,0,64
934,2,04/07/2023 21:00,0,39
935,2,04/07/2023 22:00,0,39
936,2,04/07/2023 23:00,0,89
937,2,05/07/2023 00:00,0,46
938,2,05/07/2023 01:00,0,48
939,2,05/07/2023 02:00,0,47
940,2,05/07/2023 03:00,0,39
941,2,05/07/2023 04:00,0,46
942,2,05/07/2023 05:00,0,47
943,2,05/07/2023 06:00,0,47
944,2,05/07/2023 07:00,0,46
945,2,05/07/2023 08:00,0,50
946,2,05/07/2023 09:00,0,46
947,2,05/07/2023 10:00,0,47
948,2,05/07/2023 11:00,0,66
949,2,05/07/2023 12:00,0,47
950,2,05/07/2023 13:00,0,48
951,2,05/07/2023 14:00,0,64
952,2,05/07/2023 15:00,0,47
953,2,05/07/2023 16:00,0,48
954,2,05/07/2023 17:00,0,51
955,2,05/07/2023 18:00,0,49
956,2,05/07/2023 19:00,0,47
957,2,05/07/2023 20:00,0,39
958,2,05/07/2023 21:00,0,46
959,2,05/07/2023 22:00,0,66
960,2,05/07/2023 23:00,0,39
961,2,06/07/2023 00:00,0,81
962,2,06/07/2023 01:00,0,84
963,2,06/07/2023 02:00,0,39
964,2,06/07/2023 03:00,0,65
965,2,06/07/2023 04:00,0,65
966,2,06/07/2023 05:00,0,99
967,2,06/07/2023 06:00,0,47
968,2,06/07/2023 07:00,0,45
969,2,06/07/2023 08:00,0,48
970,2,06/07/2023 09:00,0,48
971,2,06/07/2023 10:00,0,55
972,2,06/07/2023 11:00,0,50
973,2,06/07/2023 12:00,0,47
974,2,06/07/2023 13:00,0,47
975,2,06/07/2023 14:00,0,50
976,2,06/07/2023 15:00,0,48
977,2,06/07/2023 16:00,0,49
978,2,06/07/2023 17:00,0,48
979,2,06/07/2023 18:00,0,54
980,2,06/07/2023 19:00,0,49
981,2,06/07/2023 20:00,0,47
982,2,06/07/2023 21:00,0,66
983,2,06/07/2023 22:00,0,81
984,2,06/07/2023 23:00,0,39
985,2,07/07/2023 00:00,0,98
986,2,07/07/2023 01:00,0,39
987,2,07/07/2023 02:00,0,39
988,2,07/07/2023 03:00,0,64
989,2,07/07/2023 04:00,0,45
990,2,07/07/2023 05:00,0,59
991,2,07/07/2023 06:00,0,65
992,2,07/07/2023 07:00,0,66
993,2,07/07/2023 08:00,0,46
994,2,07/07/2023 09:00,0,66
995,2,07/07/2023 10:00,0,46
996,2,07/07/2023 11:00,0,51
997,2,07/07/2023 12:00,0,50
998,2,07/07/2023 13:00,0,50
999,2,07/07/2023 14:00,0,51
1000,2,07/07/2023 15:00,0,50
1001,2,07/07/2023 16:00,0,52
1002,2,07/07/2023 17:00,0,53
1003,2,07/07/2023 18:00,0,52
1004,2,07/07/2023 19:00,0,51
1005,2,07/07/2023 20:00,0,49
1006,2,07/07/2023 21:00,0,49
1007,2,07/07/2023 22:00,0,44
1008,2,07/07/2023 23:00,0,48
1009,2,08/07/2023 00:00,0,46
1010,2,08/07/2023 01:00,0,45
1011,2,08/07/2023 02:00,0,67
1012,2,08/07/2023 03:00,0,45
1013,2,08/07/2023 04:00,0,39
1014,2,08/07/2023 05:00,0,81
1015,2,08/07/2023 06:00,0,48
1016,2,08/07/2023 07:00,0,47
1017,2,08/07/2023 08:00,0,49
1018,2,08/07/2023 09:00,0,48
1019,2,08/07/2023 10:00,0,69
1020,2,08/07/2023 11:00,0,49
1021,2,08/07/2023 12:00,0,48
1022,2,08/07/2023 13:00,0,50
1023,2,08/07/2023 14:00,0,49
1024,2,08/07/2023 15:00,0,46
1025,2,08/07/2023 16:00,0,47
1026,2,08/07/2023 17:00,0,47
1027,2,08/07/2023 18:00,0,47
1028,2,08/07/2023 19:00,0,50
1029,2,08/07/2023 20:00,0,48
1030,2,08/07/2023 21:00,0,66
1031,2,08/07/2023 22:00,0,100
1032,2,08/07/2023 23:00,0,47
1033,2,09/07/2023 00:00,0,84
1034,2,09/07/2023 01:00,0,39
1035,2,09/07/2023 02:00,0,85
1036,2,09/07/2023 03:00,0,39
1037,2,09/07/2023 04:00,0,99
1038,2,09/07/2023 05:00,0,47
1039,2,09/07/2023 06:00,0,47
1040,2,09/07/2023 07:00,0,39
1041,2,09/07/2023 08:00,0,48
1042,2,09/07/2023 09:00,0,50
1043,2,09/07/2023 10:00,0,48
1044,2,09/07/2023 11:00,0,49
1045,2,09/07/2023 12:00,0,48
1046,2,09/07/2023 13:00,0,67
1047,2,09/07/2023 14:00,0,66
1048,2,09/07/2023 15:00,0,48
1049,2,09/07/2023 16:00,0,68
1050,2,09/07/2023 17:00,0,48
1051,2,09/07/2023 18:00,0,48
1052,2,09/07/2023 19:00,0,48
1053,2,09/07/2023 20:00,0,66
1054,2,09/07/2023 21:00,0,39
1055,2,09/07/2023 22:00,0,68
1056,2,09/07/2023 23:00,0,99
1057,3,18/06/2023 00:00,0,56
1058,3,18/06/2023 01:00,0,56
1059,3,18/06/2023 02:00,0,57
1060,3,18/06/2023 03:00,0,56
1061,3,18/06/2023 04:00,0,57
1062,3,18/06/2023 05:00,0,56
1063,3,18/06/2023 06:00,0,57
1064,3,18/06/2023 07:00,0,56
1065,3,18/06/2023 08:00,0,56
1066,3,18/06/2023 09:00,0,56
1067,3,18/06/2023 10:00,0,56
1068,3,18/06/2023 11:00,0,52
1069,3,18/06/2023 12:00,0,57
1070,3,18/06/2023 13:00,0,56
1071,3,18/06/2023 14:00,0,56
1072,3,18/06/2023 15:00,0,56
1073,3,18/06/2023 16:00,0,55
1074,3,18/06/2023 17:00,0,56
1075,3,18/06/2023 18:00,0,56
1076,3,18/06/2023 19:00,0,56
1077,3,18/06/2023 20:00,0,57
1078,3,18/06/2023 21:00,0,57
1079,3,18/06/2023 22:00,0,56
1080,3,18/06/2023 23:00,0,56
1081,3,19/06/2023 00:00,0,58
1082,3,19/06/2023 01:00,0,56
1083,3,19/06/2023 02:00,0,57
1084,3,19/06/2023 03:00,0,57
1085,3,19/06/2023 04:00,0,53
1086,3,19/06/2023 05:00,0,56
1087,3,19/06/2023 06:00,0,56
1088,3,19/06/2023 07:00,0,56
1089,3,19/06/2023 08:00,0,57
1090,3,19/06/2023 09:00,0,57
1091,3,19/06/2023 10:00,0,57
1092,3,19/06/2023 11:00,0,57
1093,3,19/06/2023 12:00,0,56
1094,3,19/06/2023 13:00,0,58
1095,3,19/06/2023 14:00,0,56
1096,3,19/06/2023 15:00,0,59
1097,3,19/06/2023 16:00,0,59
1098,3,19/06/2023 17:00,0,55
1099,3,19/06/2023 18:00,0,57
1100,3,19/06/2023 19:00,0,59
1101,3,19/06/2023 20:00,0,52
1102,3,19/06/2023 21:00,0,56
1103,3,19/06/2023 22:00,0,56
1104,3,19/06/2023 23:00,0,57
1105,3,20/06/2023 00:00,0,56
1106,3,20/06/2023 01:00,0,56
1107,3,20/06/2023 02:00,0,57
1108,3,20/06/2023 03:00,0,55
1109,3,20/06/2023 04:00,0,57
1110,3,20/06/2023 05:00,0,58
1111,3,20/06/2023 06:00,0,56
1112,3,20/06/2023 07:00,0,57
1113,3,20/06/2023 08:00,0,56
1114,3,20/06/2023 09:00,0,56
1115,3,20/06/2023 10:00,0,57
1116,3,20/06/2023 11:00,0,56
1117,3,20/06/2023 12:00,0,57
1118,3,20/06/2023 13:00,0,52
1119,3,20/06/2023 14:00,0,56
1120,3,20/06/2023 15:00,0,57
1121,3,20/06/2023 16:00,0,57
1122,3,20/06/2023 17:00,0,56
1123,3,20/06/2023 18:00,0,56
1124,3,20/06/2023 19:00,0,57
1125,3,20/06/2023 20:00,0,56
1126,3,20/06/2023 21:00,0,56
1127,3,20/06/2023 22:00,0,57
1128,3,20/06/2023 23:00,0,56
1129,3,21/06/2023 00:00,0,57
1130,3,21/06/2023 01:00,0,56
1131,3,21/06/2023 02:00,0,57
1132,3,21/06/2023 03:00,0,56
1133,3,21/06/2023 04:00,0,56
1134,3,21/06/2023 05:00,0,57
1135,3,21/06/2023 06:00,0,52
1136,3,21/06/2023 07:00,0,57
1137,3,21/06/2023 08:00,0,56
1138,3,21/06/2023 09:00,0,57
1139,3,21/06/2023 10:00,0,57
1140,3,21/06/2023 11:00,0,58
1141,3,21/06/2023 12:00,0,57
1142,3,21/06/2023 13:00,0,56
1143,3,21/06/2023 14:00,0,57
1144,3,21/06/2023 15:00,0,57
1145,3,21/06/2023 16:00,0,58
1146,3,21/06/2023 17:00,0,56
1147,3,21/06/2023 18:00,0,56
1148,3,21/06/2023 19:00,0,57
1149,3,21/06/2023 20:00,0,56
1150,3,21/06/2023 21:00,0,56
1151,3,21/06/2023 22:00,0,53
1152,3,21/06/2023 23:00,0,56
1153,3,22/06/2023 00:00,0,57
1154,3,22/06/2023 01:00,0,57
1155,3,22/06/2023 02:00,0,57
1156,3,22/06/2023 03:00,0,56
1157,3,22/06/2023 04:00,0,57
1158,3,22/06/2023 05:00,0,57
1159,3,22/06/2023 06:00,0,57
1160,3,22/06/2023 07:00,0,56
1161,3,22/06/2023 08:00,0,57
1162,3,22/06/2023 09:00,0,59
1163,3,22/06/2023 10:00,0,57
1164,3,22/06/2023 11:00,0,57
1165,3,22/06/2023 12:00,0,58
1166,3,22/06/2023 13:00,0,56
1167,3,22/06/2023 14:00,0,58
1168,3,22/06/2023 15:00,0,52
1169,3,22/06/2023 16:00,0,56
1170,3,22/06/2023 17:00,0,57
1171,3,22/06/2023 18:00,0,56
1172,3,22/06/2023 19:00,0,56
1173,3,22/06/2023 20:00,0,56
1174,3,22/06/2023 21:00,0,57
1175,3,22/06/2023 22:00,0,56
1176,3,22/06/2023 23:00,0,56
1177,3,23/06/2023 00:00,0,57
1178,3,23/06/2023 01:00,0,57
1179,3,23/06/2023 02:00,0,55
1180,3,23/06/2023 03:00,0,56
1181,3,23/06/2023 04:00,0,58
1182,3,23/06/2023 05:00,0,57
1183,3,23/06/2023 06:00,0,56
1184,3,23/06/2023 07:00,0,57
1185,3,23/06/2023 08:00,0,52
1186,3,23/06/2023 09:00,0,57
1187,3,23/06/2023 10:00,0,57
1188,3,23/06/2023 11:00,0,57
1189,3,23/06/2023 12:00,0,58
1190,3,23/06/2023 13:00,0,57
1191,3,23/06/2023 14:00,0,56
1192,3,23/06/2023 15:00,0,57
1193,3,23/06/2023 16:00,0,56
1194,3,23/06/2023 17:00,0,56
1195,3,23/06/2023 18:00,0,56
1196,3,23/06/2023 19:00,0,56
1197,3,23/06/2023 20:00,0,57
1198,3,23/06/2023 21:00,0,55
1199,3,23/06/2023 22:00,0,55
1200,3,23/06/2023 23:00,0,58
1201,3,24/06/2023 00:00,0,52
1202,3,24/06/2023 01:00,0,56
1203,3,24/06/2023 02:00,0,56
1204,3,24/06/2023 03:00,0,56
1205,3,24/06/2023 04:00,0,56
1206,3,24/06/2023 05:00,0,56
1207,3,24/06/2023 06:00,0,56
1208,3,24/06/2023 07:00,0,56
1209,3,24/06/2023 08:00,0,56
1210,3,24/06/2023 09:00,0,58
1211,3,24/06/2023 10:00,0,57
1212,3,24/06/2023 11:00,0,58
1213,3,24/06/2023 12:00,0,56
1214,3,24/06/2023 13:00,0,55
1215,3,24/06/2023 14:00,0,56
1216,3,24/06/2023 15:00,0,56
1217,3,24/06/2023 16:00,0,56
1218,3,24/06/2023 17:00,0,52
1219,3,24/06/2023 18:00,0,56
1220,3,24/06/2023 19:00,0,54
1221,3,24/06/2023 20:00,0,53
1222,3,24/06/2023 21:00,0,54
1223,3,24/06/2023 22:00,0,55
1224,3,24/06/2023 23:00,0,55
1225,3,25/06/2023 00:00,0,56
1226,3,25/06/2023 01:00,0,55
1227,3,25/06/2023 02:00,0,56
1228,3,25/06/2023 03:00,0,56
1229,3,25/06/2023 04:00,0,56
1230,3,25/06/2023 05:00,0,56
1231,3,25/06/2023 06:00,0,57
1232,3,25/06/2023 07:00,0,56
1233,3,25/06/2023 08:00,0,57
1234,3,25/06/2023 09:00,0,55
1235,3,25/06/2023 10:00,0,52
1236,3,25/06/2023 11:00,0,55
1237,3,25/06/2023 12:00,0,55
1238,3,25/06/2023 13:00,0,54
1239,3,25/06/2023 14:00,0,55
1240,3,25/06/2023 15:00,0,55
1241,3,25/06/2023 16:00,0,54
1242,3,25/06/2023 17:00,0,54
1243,3,25/06/2023 18:00,0,54
1244,3,25/06/2023 19:00,0,55
1245,3,25/06/2023 20:00,0,56
1246,3,25/06/2023 21:00,0,56
1247,3,25/06/2023 22:00,0,55
1248,3,25/06/2023 23:00,0,56
1249,3,26/06/2023 00:00,0,56
1250,3,26/06/2023 01:00,0,56
1251,3,26/06/2023 02:00,0,52
1252,3,26/06/2023 03:00,0,56
1253,3,26/06/2023 04:00,0,55
1254,3,26/06/2023 05:00,0,56
1255,3,26/06/2023 06:00,0,56
1256,3,26/06/2023 07:00,0,57
1257,3,26/06/2023 08:00,0,57
1258,3,26/06/2023 09:00,0,58
1259,3,26/06/2023 10:00,0,56
1260,3,26/06/2023 11:00,0,57
1261,3,26/06/2023 12:00,0,56
1262,3,26/06/2023 13:00,0,57
1263,3,26/06/2023 14:00,0,56
1264,3,26/06/2023 15:00,0,58
1265,3,26/06/2023 16:00,0,57
1266,3,26/06/2023 17:00,0,59
1267,3,26/06/2023 18:00,0,56
1268,3,26/06/2023 19:00,0,52
1269,3,26/06/2023 20:00,0,57
1270,3,26/06/2023 21:00,0,55
1271,3,26/06/2023 22:00,0,56
1272,3,26/06/2023 23:00,0,57
1273,3,27/06/2023 00:00,0,55
1274,3,27/06/2023 01:00,0,56
1275,3,27/06/2023 02:00,0,56
1276,3,27/06/2023 03:00,0,57
1277,3,27/06/2023 04:00,0,57
1278,3,27/06/2023 05:00,0,57
1279,3,27/06/2023 06:00,0,56
1280,3,27/06/2023 07:00,0,57
1281,3,27/06/2023 08:00,0,58
1282,3,27/06/2023 09:00,0,58
1283,3,27/06/2023 10:00,0,58
1284,3,27/06/2023 11:00,0,57
1285,3,27/06/2023 12:00,0,54
1286,3,27/06/2023 13:00,0,56
1287,3,27/06/2023 14:00,0,56
1288,3,27/06/2023 15:00,0,59
1289,3,27/06/2023 16:00,0,58
1290,3,27/06/2023 17:00,0,56
1291,3,27/06/2023 18:00,0,56
1292,3,27/06/2023 19:00,0,56
1293,3,27/06/2023 20:00,0,57
1294,3,27/06/2023 21:00,0,56
1295,3,27/06/2023 22:00,0,57
1296,3,27/06/2023 23:00,0,56
1297,3,28/06/2023 00:00,0,56
1298,3,28/06/2023 01:00,0,57
1299,3,28/06/2023 02:00,0,56
1300,3,28/06/2023 03:00,0,57
1301,3,28/06/2023 04:00,0,56
1302,3,28/06/2023 05:00,0,52
1303,3,28/06/2023 06:00,0,57
1304,3,28/06/2023 07:00,0,56
1305,3,28/06/2023 08:00,0,57
1306,3,28/06/2023 09:00,0,58
1307,3,28/06/2023 10:00,0,57
1308,3,28/06/2023 11:00,0,59
1309,3,28/06/2023 12:00,0,57
1310,3,28/06/2023 13:00,0,58
1311,3,28/06/2023 14:00,0,56
1312,3,28/06/2023 15:00,0,56
1313,3,28/06/2023 16:00,0,58
1314,3,28/06/2023 17:00,0,57
1315,3,28/06/2023 18:00,0,56
1316,3,28/06/2023 19:00,0,56
1317,3,28/06/2023 20:00,0,56
1318,3,28/06/2023 21:00,0,52
1319,3,28/06/2023 22:00,0,56
1320,3,28/06/2023 23:00,0,57
1321,3,29/06/2023 00:00,0,58
1322,3,29/06/2023 01:00,0,56
1323,3,29/06/2023 02:00,0,57
1324,3,29/06/2023 03:00,0,58
1325,3,29/06/2023 04:00,0,57
1326,3,29/06/2023 05:00,0,57
1327,3,29/06/2023 06:00,0,56
1328,3,29/06/2023 07:00,0,56
1329,3,29/06/2023 08:00,0,57
1330,3,29/06/2023 09:00,0,58
1331,3,29/06/2023 10:00,0,57
1332,3,29/06/2023 11:00,0,57
1333,3,29/06/2023 12:00,0,56
1334,3,29/06/2023 13:00,0,58
1335,3,29/06/2023 14:00,0,54
1336,3,29/06/2023 15:00,0,56
1337,3,29/06/2023 16:00,0,56
1338,3,29/06/2023 17:00,0,57
1339,3,29/06/2023 18:00,0,58
1340,3,29/06/2023 19:00,0,56
1341,3,29/06/2023 20:00,0,57
1342,3,29/06/2023 21:00,0,58
1343,3,29/06/2023 22:00,0,56
1344,3,29/06/2023 23:00,0,57
1345,3,30/06/2023 00:00,0,58
1346,3,30/06/2023 01:00,0,56
1347,3,30/06/2023 02:00,0,55
1348,3,30/06/2023 03:00,0,56
1349,3,30/06/2023 04:00,0,56
1350,3,30/06/2023 05:00,0,56
1351,3,30/06/2023 06:00,0,56
1352,3,30/06/2023 07:00,0,52
1353,3,30/06/2023 08:00,0,59
1354,3,30/06/2023 09:00,0,56
1355,3,30/06/2023 10:00,0,59
1356,3,30/06/2023 11:00,0,58
1357,3,30/06/2023 12:00,0,58
1358,3,30/06/2023 13:00,0,56
1359,3,30/06/2023 14:00,0,57
1360,3,30/06/2023 15:00,0,58
1361,3,30/06/2023 16:00,0,58
1362,3,30/06/2023 17:00,0,57
1363,3,30/06/2023 18:00,0,57
1364,3,30/06/2023 19:00,0,56
1365,3,30/06/2023 20:00,0,57
1366,3,30/06/2023 21:00,0,57
1367,3,30/06/2023 22:00,0,57
1368,3,30/06/2023 23:00,0,52
1369,3,01/07/2023 00:00,0,57
1370,3,01/07/2023 01:00,0,56
1371,3,01/07/2023 02:00,0,57
1372,3,01/07/2023 03:00,0,58
1373,3,01/07/2023 04:00,0,56
1374,3,01/07/2023 05:00,0,57
1375,3,01/07/2023 06:00,0,56
1376,3,01/07/2023 07:00,0,56
1377,3,01/07/2023 08:00,0,57
1378,3,01/07/2023 09:00,0,58
1379,3,01/07/2023 10:00,0,57
1380,3,01/07/2023 11:00,0,57
1381,3,01/07/2023 12:00,0,58
1382,3,01/07/2023 13:00,0,56
1383,3,01/07/2023 14:00,0,57
1384,3,01/07/2023 15:00,0,56
1385,3,01/07/2023 16:00,0,53
1386,3,01/07/2023 17:00,0,58
1387,3,01/07/2023 18:00,0,58
1388,3,01/07/2023 19:00,0,56
1389,3,01/07/2023 20:00,0,57
1390,3,01/07/2023 21:00,0,58
1391,3,01/07/2023 22:00,0,56
1392,3,01/07/2023 23:00,0,57
1393,3,02/07/2023 00:00,0,57
1394,3,02/07/2023 01:00,0,56
1395,3,02/07/2023 02:00,0,57
1396,3,02/07/2023 03:00,0,56
1397,3,02/07/2023 04:00,0,57
1398,3,02/07/2023 05:00,0,56
1399,3,02/07/2023 06:00,0,57
1400,3,02/07/2023 07:00,0,55
1401,3,02/07/2023 08:00,0,56
1402,3,02/07/2023 09:00,0,52
1403,3,02/07/2023 10:00,0,56
1404,3,02/07/2023 11:00,0,57
1405,3,02/07/2023 12:00,0,57
1406,3,02/07/2023 13:00,0,57
1407,3,02/07/2023 14:00,0,56
1408,3,02/07/2023 15:00,0,56
1409,3,02/07/2023 16:00,0,58
1410,3,02/07/2023 17:00,0,56
1411,3,02/07/2023 18:00,0,56
1412,3,02/07/2023 19:00,0,56
1413,3,02/07/2023 20:00,0,56
1414,3,02/07/2023 21:00,0,56
1415,3,02/07/2023 22:00,0,56
1416,3,02/07/2023 23:00,0,56
1417,3,03/07/2023 00:00,0,56
1418,3,03/07/2023 01:00,0,52
1419,3,03/07/2023 02:00,0,56
1420,3,03/07/2023 03:00,0,56
1421,3,03/07/2023 04:00,0,56
1422,3,03/07/2023 05:00,0,56
1423,3,03/07/2023 06:00,0,56
1424,3,03/07/2023 07:00,0,58
1425,3,03/07/2023 08:00,0,60
1426,3,03/07/2023 09:00,0,57
1427,3,03/07/2023 10:00,0,57
1428,3,03/07/2023 11:00,0,56
1429,3,03/07/2023 12:00,0,56
1430,3,03/07/2023 13:00,0,58
1431,3,03/07/2023 14:00,0,58
1432,3,03/07/2023 15:00,0,58
1433,3,03/07/2023 16:00,0,58
1434,3,03/07/2023 17:00,0,57
1435,3,03/07/2023 18:00,0,53
1436,3,03/07/2023 19:00,0,56
1437,3,03/07/2023 20:00,0,57
1438,3,03/07/2023 21:00,0,56
1439,3,03/07/2023 22:00,0,56
1440,3,03/07/2023 23:00,0,56
1441,3,04/07/2023 00:00,0,56
1442,3,04/07/2023 01:00,0,56
1443,3,04/07/2023 02:00,0,56
1444,3,04/07/2023 03:00,0,57
1445,3,04/07/2023 04:00,0,56
1446,3,04/07/2023 05:00,0,55
1447,3,04/07/2023 06:00,0,57
1448,3,04/07/2023 07:00,0,57
1449,3,04/07/2023 08:00,0,59
1450,3,04/07/2023 09:00,0,56
1451,3,04/07/2023 10:00,0,56
1452,3,04/07/2023 11:00,0,54
1453,3,04/07/2023 12:00,0,56
1454,3,04/07/2023 13:00,0,58
1455,3,04/07/2023 14:00,0,58
1456,3,04/07/2023 15:00,0,56
1457,3,04/07/2023 16:00,0,56
1458,3,04/07/2023 17:00,0,57
1459,3,04/07/2023 18:00,0,56
1460,3,04/07/2023 19:00,0,56
1461,3,04/07/2023 20:00,0,57
1462,3,04/07/2023 21:00,0,56
1463,3,04/07/2023 22:00,0,57
1464,3,04/07/2023 23:00,0,56
1465,3,05/07/2023 00:00,0,56
1466,3,05/07/2023 01:00,0,56
1467,3,05/07/2023 02:00,0,56
1468,3,05/07/2023 03:00,0,56
1469,3,05/07/2023 04:00,0,52
1470,3,05/07/2023 05:00,0,56
1471,3,05/07/2023 06:00,0,57
1472,3,05/07/2023 07:00,0,56
1473,3,05/07/2023 08:00,0,60
1474,3,05/07/2023 09:00,0,58
1475,3,05/07/2023 10:00,0,58
1476,3,05/07/2023 11:00,0,57
1477,3,05/07/2023 12:00,0,57
1478,3,05/07/2023 13:00,0,57
1479,3,05/07/2023 14:00,0,58
1480,3,05/07/2023 15:00,0,57
1481,3,05/07/2023 16:00,0,57
1482,3,05/07/2023 17:00,0,58
1483,3,05/07/2023 18:00,0,58
1484,3,05/07/2023 19:00,0,57
1485,3,05/07/2023 20:00,0,53
1486,3,05/07/2023 21:00,0,56
1487,3,05/07/2023 22:00,0,56
1488,3,05/07/2023 23:00,0,57
1489,3,06/07/2023 00:00,0,57
1490,3,06/07/2023 01:00,0,56
1491,3,06/07/2023 02:00,0,56
1492,3,06/07/2023 03:00,0,56
1493,3,06/07/2023 04:00,0,56
1494,3,06/07/2023 05:00,0,56
1495,3,06/07/2023 06:00,0,57
1496,3,06/07/2023 07:00,0,56
1497,3,06/07/2023 08:00,0,56
1498,3,06/07/2023 09:00,0,59
1499,3,06/07/2023 10:00,0,58
1500,3,06/07/2023 11:00,0,58
1501,3,06/07/2023 12:00,0,58
1502,3,06/07/2023 13:00,0,52
1503,3,06/07/2023 14:00,0,57
1504,3,06/07/2023 15:00,0,58
1505,3,06/07/2023 16:00,0,57
1506,3,06/07/2023 17:00,0,57
1507,3,06/07/2023 18:00,0,58
1508,3,06/07/2023 19:00,0,58
1509,3,06/07/2023 20:00,0,59
1510,3,06/07/2023 21:00,0,58
1511,3,06/07/2023 22:00,0,57
1512,3,06/07/2023 23:00,0,57
1513,3,07/07/2023 00:00,0,56
1514,3,07/07/2023 01:00,0,56
1515,3,07/07/2023 02:00,0,57
1516,3,07/07/2023 03:00,0,57
1517,3,07/07/2023 04:00,0,56
1518,3,07/07/2023 05:00,0,56
1519,3,07/07/2023 06:00,0,54
1520,3,07/07/2023 07:00,0,59
1521,3,07/07/2023 08:00,0,57
1522,3,07/07/2023 09:00,0,57
1523,3,07/07/2023 10:00,0,56
1524,3,07/07/2023 11:00,0,57
1525,3,07/07/2023 12:00,0,59
1526,3,07/07/2023 13:00,0,56
1527,3,07/07/2023 14:00,0,57
1528,3,07/07/2023 15:00,0,56
1529,3,07/07/2023 16:00,0,56
1530,3,07/07/2023 17:00,0,55
1531,3,07/07/2023 18:00,0,56
1532,3,07/07/2023 19:00,0,55
1533,3,07/07/2023 20:00,0,56
1534,3,07/07/2023 21:00,0,56
1535,3,07/07/2023 22:00,0,53
1536,3,07/07/2023 23:00,0,57
1537,3,08/07/2023 00:00,0,56
1538,3,08/07/2023 01:00,0,56
1539,3,08/07/2023 02:00,0,57
1540,3,08/07/2023 03:00,0,57
1541,3,08/07/2023 04:00,0,57
1542,3,08/07/2023 05:00,0,56
1543,3,08/07/2023 06:00,0,57
1544,3,08/07/2023 07:00,0,57
1545,3,08/07/2023 08:00,0,57
1546,3,08/07/2023 09:00,0,56
1547,3,08/07/2023 10:00,0,56
1548,3,08/07/2023 11:00,0,57
1549,3,08/07/2023 12:00,0,58
1550,3,08/07/2023 13:00,0,58
1551,3,08/07/2023 14:00,0,57
1552,3,08/07/2023 15:00,0,53
1553,3,08/07/2023 16:00,0,56
1554,3,08/07/2023 17:00,0,55
1555,3,08/07/2023 18:00,0,56
1556,3,08/07/2023 19:00,0,57
1557,3,08/07/2023 20:00,0,56
1558,3,08/07/2023 21:00,0,56
1559,3,08/07/2023 22:00,0,57
1560,3,08/07/2023 23:00,0,56
1561,3,09/07/2023 00:00,0,57
1562,3,09/07/2023 01:00,0,55
1563,3,09/07/2023 02:00,0,56
1564,3,09/07/2023 03:00,0,56
1565,3,09/07/2023 04:00,0,56
1566,3,09/07/2023 05:00,0,56
1567,3,09/07/2023 06:00,0,55
1568,3,09/07/2023 07:00,0,56
1569,3,09/07/2023 08:00,0,53
1570,3,09/07/2023 09:00,0,55
1571,3,09/07/2023 10:00,0,56
1572,3,09/07/2023 11:00,0,56
1573,3,09/07/2023 12:00,0,56
1574,3,09/07/2023 13:00,0,57
1575,3,09/07/2023 14:00,0,57
1576,3,09/07/2023 15:00,0,56
1577,3,09/07/2023 16:00,0,56
1578,3,09/07/2023 17:00,0,56
1579,3,09/07/2023 18:00,0,56
1580,3,09/07/2023 19:00,0,56
1581,3,09/07/2023 20:00,0,56
1582,3,09/07/2023 21:00,0,56
1583,3,09/07/2023 22:00,0,56
1584,3,09/07/2023 23:00,0,56
